result_id,return_pct,net_profit,max_drawdown_pct,total_trades,win_rate_pct,profit_factor,initial_capital,final_equity,trade_start,trade_end,strategy,mode,num_symbols_traded,max_concurrent_positions,source_summary
top_gainers_pump_dump_1m_turbo_whitelist_2026-01_2026-02,47.82,4781.63,-5.75,216,45.83,1.73,10000,14781.6,,,,,20,2,outputs/top_gainers_pump_dump_1m_turbo_whitelist_2026-01_2026-02/summary.json
factor_short_portfolio_top3_p1_r5,37.42,3742.37,-7.36,16,68.75,4.57,10000,13742.4,,,,,3,1,outputs/factor_short_portfolio_top3_p1_r5/summary.json
binance_sol_bear_pullback_short_1h_2026-01_2026-02,36.31,3630.96,-6.78,25,72,3.09,10000,13631,,,,,,,outputs/binance_sol_bear_pullback_short_1h_2026-01_2026-02/summary.json
top_gainers_pump_dump_1m_turbo_delta_cap_2026-01_2026-02_risk08,36.16,3615.6,-3.54,161,50.31,1.94,10000,13615.6,,,,,57,1,outputs/top_gainers_pump_dump_1m_turbo_delta_cap_2026-01_2026-02_risk08/summary.json
factor_short_portfolio_top4_p2_r4,30.56,3055.75,-7.52,22,63.64,3.73,10000,13055.8,,,,,4,2,outputs/factor_short_portfolio_top4_p2_r4/summary.json
factor_short_portfolio_top3_p1_r4,29.27,2927.08,-5.92,16,68.75,4.69,10000,12927.1,,,,,3,1,outputs/factor_short_portfolio_top3_p1_r4/summary.json
binance_eth_bear_pullback_short_1h_2026-01_2026-02,28.17,2816.91,-11.9,23,69.57,2.35,10000,12816.9,,,,,,,outputs/binance_eth_bear_pullback_short_1h_2026-01_2026-02/summary.json
binance_xrp_bear_pullback_short_1h_2026-01_2026-02,27.77,2777.09,-5.59,20,80,3.79,10000,12777.1,,,,,,,outputs/binance_xrp_bear_pullback_short_1h_2026-01_2026-02/summary.json
top_gainers_pump_dump_1m_turbo_strict_quality_2026-01_2026-02_risk08,23.99,2398.75,-3.96,131,51.15,1.77,10000,12398.8,,,,,50,1,outputs/top_gainers_pump_dump_1m_turbo_strict_quality_2026-01_2026-02_risk08/summary.json
factor_short_portfolio_top4_p2,22.16,2215.56,-5.27,22,63.64,4.06,10000,12215.6,,,,,4,2,outputs/factor_short_portfolio_top4_p2/summary.json
factor_short_portfolio_top4_p2_nf12,22.16,2215.56,-5.27,22,63.64,4.06,10000,12215.6,,,,,4,2,outputs/factor_short_portfolio_top4_p2_nf12/summary.json
factor_short_portfolio_top4_p3,21.77,2177.09,-5.27,22,63.64,4.02,10000,12177.1,,,,,4,2,outputs/factor_short_portfolio_top4_p3/summary.json
factor_short_portfolio_top3_p1,21.46,2145.97,-4.46,16,68.75,4.82,10000,12146,,,,,3,1,outputs/factor_short_portfolio_top3_p1/summary.json
factor_short_portfolio_top3_p1_nf12,21.46,2145.97,-4.46,16,68.75,4.82,10000,12146,,,,,3,1,outputs/factor_short_portfolio_top3_p1_nf12/summary.json
factor_short_portfolio_top3_p2,21.22,2122,-4.46,17,64.71,4.63,10000,12122,,,,,3,2,outputs/factor_short_portfolio_top3_p2/summary.json
top_gainers_pump_dump_1m_sniper_rank2_vwap10_risk08_2026-01_2026-02,20.98,2098.07,-2.83,67,56.72,2.54,10000,12098.1,,,,,31,1,outputs/top_gainers_pump_dump_1m_sniper_rank2_vwap10_risk08_2026-01_2026-02/summary.json
factor_short_portfolio_top3_p3,20.84,2083.82,-4.46,17,64.71,4.58,10000,12083.8,,,,,3,2,outputs/factor_short_portfolio_top3_p3/summary.json
factor_short_portfolio_top4_p1,20.44,2044.21,-5.27,19,63.16,3.96,10000,12044.2,,,,,4,1,outputs/factor_short_portfolio_top4_p1/summary.json
top_gainers_pump_dump_1m_turbo_delta_cap_2026-01_2026-02_risk08_daily1loss,18.97,1897.25,-3.5,132,48.48,1.6,10000,11897.2,,,,,57,1,outputs/top_gainers_pump_dump_1m_turbo_delta_cap_2026-01_2026-02_risk08_daily1loss/summary.json
top_gainers_pump_dump_1m_turbo_delta_cap_2026-01_2026-02_fastcheck,16.89,1688.7,-1.78,161,50.31,1.95,10000,11688.7,,,,,57,1,outputs/top_gainers_pump_dump_1m_turbo_delta_cap_2026-01_2026-02_fastcheck/summary.json
top_gainers_pump_dump_1m_turbo_delta_cap_2026-01_2026-02_portfolio,16.89,1688.7,-1.78,161,50.31,1.95,10000,11688.7,,,,,57,1,outputs/top_gainers_pump_dump_1m_turbo_delta_cap_2026-01_2026-02_portfolio/summary.json
top_gainers_pump_dump_1m_turbo_filtered_2026-01_2026-02,14.6,1459.92,-3.66,242,45.87,1.5,10000,11459.9,,,,,63,1,outputs/top_gainers_pump_dump_1m_turbo_filtered_2026-01_2026-02/summary.json
binance_btc_bear_pullback_short_1h_2026-01_2026-02,14.11,1410.86,-7.3,21,61.9,1.71,10000,11410.9,,,,,,,outputs/binance_btc_bear_pullback_short_1h_2026-01_2026-02/summary.json
top_gainers_pump_dump_1m_turbo_strict_quality_2026-01_2026-02,11.48,1147.52,-1.99,131,51.15,1.77,10000,11147.5,,,,,50,1,outputs/top_gainers_pump_dump_1m_turbo_strict_quality_2026-01_2026-02/summary.json
top_gainers_pump_dump_1m_turbo_delta_cap_2026-01_2026-02_daily1loss,9.2,920.47,-1.77,132,48.48,1.61,10000,10920.5,,,,,57,1,outputs/top_gainers_pump_dump_1m_turbo_delta_cap_2026-01_2026-02_daily1loss/summary.json
adausdt_funding_oi_short_profit,5.4,540.05,-5.06,8,50,1.94,10000,10540,,,,,,,outputs/adausdt_funding_oi_short_profit/summary.json
binance_ada_funding_oi_short_1h_2026-03-18,4.99,499.21,-5.69,8,50,1.76,10000,10499.2,,,,,,,outputs/binance_ada_funding_oi_short_1h_2026-03-18/summary.json
top_gainers_pump_dump_1m_sniper_rank2_vwap10_risk08_2026-03_oos,4.62,462.11,-0.79,15,60,3.06,10000,10462.1,,,,,10,1,outputs/top_gainers_pump_dump_1m_sniper_rank2_vwap10_risk08_2026-03_oos/summary.json
demo,4.49,448.98,-0.22,10,100,inf,10000,10449,,,,,,,outputs/demo/summary.json
binance_btc_archive,4.02,401.96,-8.45,146,44.52,1.12,10000,10402,,,,,,,outputs/binance_btc_archive/summary.json
hbarusdt_funding_oi_short_profit,3.98,398.34,-2.52,7,57.14,2.5,10000,10398.3,,,,,,,outputs/hbarusdt_funding_oi_short_profit/summary.json
binance_btc_eth_pair_5m_2026-01_2026-02,3.09,308.91,-1.96,6,83.33,6.42,10000,10308.9,,,,,,,outputs/binance_btc_eth_pair_5m_2026-01_2026-02/summary.json
top_gainers_pump_dump_1m_turbo_strict_quality_2026-03_oos_risk08,2.97,296.97,-2.06,23,52.17,1.58,10000,10297,,,,,13,1,outputs/top_gainers_pump_dump_1m_turbo_strict_quality_2026-03_oos_risk08/summary.json
binance_hbar_funding_oi_short_1h_2026-03-18,2.85,285.44,-3.9,13,46.15,1.35,10000,10285.4,,,,,,,outputs/binance_hbar_funding_oi_short_1h_2026-03-18/summary.json
solusdt_funding_oi_short_profit,2.45,244.92,-0.23,2,100,inf,10000,10244.9,,,,,,,outputs/solusdt_funding_oi_short_profit/summary.json
top_gainers_pump_dump_1m_turbo_delta_cap_2026-03_oos_risk08_daily1loss,1.96,196.41,-3.2,37,43.24,1.22,10000,10196.4,,,,,18,1,outputs/top_gainers_pump_dump_1m_turbo_delta_cap_2026-03_oos_risk08_daily1loss/summary.json
liquidity_retest_short_optimization_2026-08-27/train_runs/exit_slow,1.9583,195.833,,37,72.973,1.4514,10000,10195.8,2026-07-27T12:25:00+00:00,2026-08-16T12:25:00+00:00,liquidity_retest,BACKTEST,,,outputs/liquidity_retest_short_optimization_2026-08-27/train_runs/exit_slow/summary.json
liquidity_retest_short_optimization_2026-08-27/train_runs/breakout_loose,1.6781,167.809,,48,64.5833,1.3098,10000,10167.8,2026-07-27T12:25:00+00:00,2026-08-16T12:25:00+00:00,liquidity_retest,BACKTEST,,,outputs/liquidity_retest_short_optimization_2026-08-27/train_runs/breakout_loose/summary.json
top_gainers_pump_dump_1m_turbo_delta_cap_2026-03_oos_risk08,1.65,164.89,-3.2,38,42.11,1.18,10000,10164.9,,,,,18,1,outputs/top_gainers_pump_dump_1m_turbo_delta_cap_2026-03_oos_risk08/summary.json
top_gainers_pump_dump_1m_turbo_strict_quality_2026-03_oos,1.49,148.84,-1.03,23,52.17,1.58,10000,10148.8,,,,,13,1,outputs/top_gainers_pump_dump_1m_turbo_strict_quality_2026-03_oos/summary.json
binance_xrp_majors_5m_2026-01_2026-02,1.47,147.09,-1.46,29,62.07,1.44,10000,10147.1,,,,,,,outputs/binance_xrp_majors_5m_2026-01_2026-02/summary.json
liquidity_retest_short_optimization_2026-08-27/train_runs/breakout_strict,1.3384,133.845,,25,76,1.503,10000,10133.8,2026-07-27T12:25:00+00:00,2026-08-16T12:25:00+00:00,liquidity_retest,BACKTEST,,,outputs/liquidity_retest_short_optimization_2026-08-27/train_runs/breakout_strict/summary.json
top_gainers_pump_dump_1m_turbo_delta_cap_2026-03_oos_daily1loss,1,99.83,-1.61,37,43.24,1.22,10000,10099.8,,,,,18,1,outputs/top_gainers_pump_dump_1m_turbo_delta_cap_2026-03_oos_daily1loss/summary.json
combo_optimization_20260915/runs/trend_relative_strength_train,0.993961,,2.4744,,44.3396,1.11364,,1009.94,,,,fixed,,,outputs/combo_optimization_20260915/runs/trend_relative_strength_train/summary.json
combo_optimization_20260915/runs/trend_hourly_channel_validation,0.915096,,2.61463,,47.7612,1.15609,,1009.15,,,,fixed,,,outputs/combo_optimization_20260915/runs/trend_hourly_channel_validation/summary.json
liquidity_retest_short_optimization_2026-08-27/train_runs/exit_scale70,0.8778,87.7832,,37,64.8649,1.1872,10000,10087.8,2026-07-27T12:25:00+00:00,2026-08-16T12:25:00+00:00,liquidity_retest,BACKTEST,,,outputs/liquidity_retest_short_optimization_2026-08-27/train_runs/exit_scale70/summary.json
top_gainers_pump_dump_1m_turbo_delta_cap_2026-03_oos,0.84,84.22,-1.61,38,42.11,1.18,10000,10084.2,,,,,18,1,outputs/top_gainers_pump_dump_1m_turbo_delta_cap_2026-03_oos/summary.json
top_gainers_pump_dump_1m_turbo_delta_cap_2026-03_oos_fastcheck,0.84,84.22,-1.61,38,42.11,1.18,10000,10084.2,,,,,18,1,outputs/top_gainers_pump_dump_1m_turbo_delta_cap_2026-03_oos_fastcheck/summary.json
top_gainers_pump_dump_1m_turbo_delta_cap_2026-03_oos_maxpos2,0.84,84.22,-1.61,38,42.11,1.18,10000,10084.2,,,,,18,1,outputs/top_gainers_pump_dump_1m_turbo_delta_cap_2026-03_oos_maxpos2/summary.json
combo_optimization_20260915/runs/trend_relative_strength_validation,0.825647,,1.56179,,54.2553,1.12833,,1008.26,,,,fixed,,,outputs/combo_optimization_20260915/runs/trend_relative_strength_validation/summary.json
liquidity_retest_short_optimization_2026-08-27/train_runs/baseline,0.7173,71.725,,37,64.8649,1.153,10000,10071.7,2026-07-27T12:25:00+00:00,2026-08-16T12:25:00+00:00,liquidity_retest,BACKTEST,,,outputs/liquidity_retest_short_optimization_2026-08-27/train_runs/baseline/summary.json
liquidity_retest_short_optimization_2026-08-27/train_runs/retest_base,0.6912,69.1224,,37,64.8649,1.1475,10000,10069.1,2026-07-27T12:25:00+00:00,2026-08-16T12:25:00+00:00,liquidity_retest,BACKTEST,,,outputs/liquidity_retest_short_optimization_2026-08-27/train_runs/retest_base/summary.json
liquidity_retest_mirror_reverse_abtest_2026-08-26_232347/E_mirror_original_longs_tp_sl,0.5001,50.0138,,45,64.4444,1.0827,10000,10050,,,liquidity_retest_mirror_reverse_tp_sl,BACKTEST,,,outputs/liquidity_retest_mirror_reverse_abtest_2026-08-26_232347/E_mirror_original_longs_tp_sl/summary.json
atomusdt_funding_oi_short_profit,0.49,49.02,-1.14,5,60,1.39,10000,10049,,,,,,,outputs/atomusdt_funding_oi_short_profit/summary.json
binance_1000pepe_short_1m_2026-02,0.49,48.81,-0.45,10,60,1.83,10000,10048.8,,,,,,,outputs/binance_1000pepe_short_1m_2026-02/summary.json
binance_eth_funding_oi_short_1h_2026-03-18,0.49,49.18,-0.4,1,100,inf,10000,10049.2,,,,,,,outputs/binance_eth_funding_oi_short_1h_2026-03-18/summary.json
liquidity_retest_short_optimization_2026-08-27/rolling_runs/rolling_2,0.3675,36.7529,,3,66.6667,3.6274,10000,10036.8,2026-08-17T12:25:00+00:00,2026-08-24T12:25:00+00:00,liquidity_retest,BACKTEST,,,outputs/liquidity_retest_short_optimization_2026-08-27/rolling_runs/rolling_2/summary.json
combo_optimization_20260915/runs/trend_hourly_channel_train,0.332776,,3.10105,,44.6154,1.04903,,1003.33,,,,fixed,,,outputs/combo_optimization_20260915/runs/trend_hourly_channel_train/summary.json
liquidity_retest_mirror_reverse_abtest_2026-08-26_232347/D_mirror_all_tp_sl,0.2439,24.3903,,64,67.1875,1.0274,10000,10024.4,,,liquidity_retest_mirror_reverse_tp_sl,BACKTEST,,,outputs/liquidity_retest_mirror_reverse_abtest_2026-08-26_232347/D_mirror_all_tp_sl/summary.json
liquidity_retest_short_optimization_2026-08-27/train_runs/retest_fast,0.1787,17.8669,,28,60.7143,1.0474,10000,10017.9,2026-07-27T12:25:00+00:00,2026-08-16T12:25:00+00:00,liquidity_retest,BACKTEST,,,outputs/liquidity_retest_short_optimization_2026-08-27/train_runs/retest_fast/summary.json
binance_xrp_breakout_5m_2026-01_2026-02,0.14,14.13,-0.52,19,57.89,1.2,10000,10014.1,,,,,,,outputs/binance_xrp_breakout_5m_2026-01_2026-02/summary.json
binance_sol_breakout_5m_2026-01_2026-02,0.12,11.61,-0.46,14,35.71,1.21,10000,10011.6,,,,,,,outputs/binance_sol_breakout_5m_2026-01_2026-02/summary.json
top_gainers_boll_short_1m_2026-02_main,0.1,9.94,-0.09,3,33.33,5.07,10000,10009.9,,,,,3,1,outputs/top_gainers_boll_short_1m_2026-02_main/summary.json
wr_short_backtest_2026-01_2026-03_current_rules_top5_at_entry,-0.00536304,,2.09144,,49.3976,0.999381,,999.946,,,,,,,outputs/wr_short_backtest_2026-01_2026-03_current_rules_top5_at_entry/summary.json
top_gainers_boll_short_1m_2026-02_strict,-0.01,-0.59,-0.21,8,25,0.98,10000,9999.41,,,,,5,1,outputs/top_gainers_boll_short_1m_2026-02_strict/summary.json
binance_sol_orderflow_short_1m_2026-02,-0.05,-5.06,-1.34,15,20,0.96,10000,9994.94,,,,,,,outputs/binance_sol_orderflow_short_1m_2026-02/summary.json
binance_eth_breakout_5m_2026-01_2026-02,-0.08,-7.8,-0.33,18,50,0.92,10000,9992.2,,,,,,,outputs/binance_eth_breakout_5m_2026-01_2026-02/summary.json
combo_optimization_20260915/runs/selected_combo_fresh_aug27_31,-0.107656,,0.720784,,31.25,0.924341,,998.923,,,,adaptive,,,outputs/combo_optimization_20260915/runs/selected_combo_fresh_aug27_31/summary.json
combo_optimization_20260915/runs/selection_reference_fresh_aug27_31,-0.107656,,0.720784,,31.25,0.924341,,998.923,,,,fixed,,,outputs/combo_optimization_20260915/runs/selection_reference_fresh_aug27_31/summary.json
combo_optimization_20260915/runs/selected_delay_fresh_aug27_31,-0.109058,,0.710362,,31.25,0.923389,,998.909,,,,adaptive,,,outputs/combo_optimization_20260915/runs/selected_delay_fresh_aug27_31/summary.json
binance_btc_breakout_5m_2026-01_2026-02,-0.13,-12.98,-0.53,19,31.58,0.89,10000,9987.02,,,,,,,outputs/binance_btc_breakout_5m_2026-01_2026-02/summary.json
combo_optimization_20260915/runs/pair_original_validation,-0.150032,,0.21152,,0,0,,998.5,,,,fixed,,,outputs/combo_optimization_20260915/runs/pair_original_validation/summary.json
combo_optimization_20260915/runs/pair_cost_filtered_train,-0.191214,,0.260943,,33.3333,0.0875445,,998.088,,,,fixed,,,outputs/combo_optimization_20260915/runs/pair_cost_filtered_train/summary.json
liquidity_retest_short_optimization_2026-08-27/out_of_sample,-0.2156,-21.5566,,8,62.5,0.84,10000,9978.44,2026-08-16T12:25:00+00:00,2026-08-26T12:25:00+00:00,liquidity_retest,BACKTEST,,,outputs/liquidity_retest_short_optimization_2026-08-27/out_of_sample/summary.json
liquidity_retest_short_optimization_2026-08-27/rolling_runs/rolling_1,-0.2674,-26.7415,,8,75,0.7795,10000,9973.26,2026-08-10T12:25:00+00:00,2026-08-17T12:25:00+00:00,liquidity_retest,BACKTEST,,,outputs/liquidity_retest_short_optimization_2026-08-27/rolling_runs/rolling_1/summary.json
combo_optimization_20260915/runs/reversal_vwap_reclaim_validation,-0.268893,,0.46025,,50,0.664078,,997.311,,,,fixed,,,outputs/combo_optimization_20260915/runs/reversal_vwap_reclaim_validation/summary.json
combo_optimization_20260915/runs/pair_original_train,-0.341431,,0.64997,,50,0.489313,,996.586,,,,fixed,,,outputs/combo_optimization_20260915/runs/pair_original_train/summary.json
liquidity_retest_paper_smoke,-0.3442,-34.4244,,3,33.3333,0.6248,10000,9965.58,,,liquidity_retest,PAPER,,,outputs/liquidity_retest_paper_smoke/summary.json
combo_optimization_20260915/runs/selected_double_cost_fresh_aug27_31,-0.379386,,0.768513,,31.25,0.743206,,996.206,,,,adaptive,,,outputs/combo_optimization_20260915/runs/selected_double_cost_fresh_aug27_31/summary.json
top_gainers_boll_short_1m_2026-01_2026-02_main,-0.38,-37.87,-1.02,15,40,0.64,10000,9962.13,,,,,11,1,outputs/top_gainers_boll_short_1m_2026-01_2026-02_main/summary.json
combo_optimization_20260915/runs/reversal_wider_stop_train,-0.383091,,1.81864,,39.3939,0.895569,,996.169,,,,fixed,,,outputs/combo_optimization_20260915/runs/reversal_wider_stop_train/summary.json
top_gainers_realtime_sniper_1m_2026-01_2026-02,-0.39,-39.45,-0.89,11,45.45,0.59,10000,9960.55,,,,,9,1,outputs/top_gainers_realtime_sniper_1m_2026-01_2026-02/summary.json
liquidity_retest_short_optimization_2026-08-27/train_runs/exit_fast,-0.4328,-43.2783,,37,56.7568,0.9087,10000,9956.72,2026-07-27T12:25:00+00:00,2026-08-16T12:25:00+00:00,liquidity_retest,BACKTEST,,,outputs/liquidity_retest_short_optimization_2026-08-27/train_runs/exit_fast/summary.json
combo_optimization_20260915/runs/reversal_wider_stop_validation,-0.566219,,0.999447,,52.6316,0.684197,,994.338,,,,fixed,,,outputs/combo_optimization_20260915/runs/reversal_wider_stop_validation/summary.json
binance_1000bonk_short_1m_2026-02,-0.58,-57.93,-0.71,11,27.27,0.51,10000,9942.07,,,,,,,outputs/binance_1000bonk_short_1m_2026-02/summary.json
liquidity_retest_short_optimization_2026-08-27/train_runs/retest_wide,-0.7305,-73.0472,,37,59.4595,0.8641,10000,9926.95,2026-07-27T12:25:00+00:00,2026-08-16T12:25:00+00:00,liquidity_retest,BACKTEST,,,outputs/liquidity_retest_short_optimization_2026-08-27/train_runs/retest_wide/summary.json
combo_optimization_20260915/runs/trend_filter_and_exit_train,-0.808856,,6.97479,,41.2214,0.94738,,991.911,,,,fixed,,,outputs/combo_optimization_20260915/runs/trend_filter_and_exit_train/summary.json
combo_optimization_20260915/runs/reversal_vwap_reclaim_train,-0.977461,,1.55573,,51.1628,0.766902,,990.225,,,,fixed,,,outputs/combo_optimization_20260915/runs/reversal_vwap_reclaim_train/summary.json
adaptive_combo_research_20260915/pair_only,-1.02504,,1.25149,,40,0.249263,,989.75,,,,pair,,,outputs/adaptive_combo_research_20260915/pair_only/summary.json
combo_optimization_20260915/runs/best_rejected_shadow_august,-1.18293,,1.98731,,43.0556,0.79424,,988.171,,,,fixed,,,outputs/combo_optimization_20260915/runs/best_rejected_shadow_august/summary.json
combo_optimization_20260915/runs/selected_combo_august,-1.18293,,1.98731,,43.0556,0.79424,,988.171,,,,adaptive,,,outputs/combo_optimization_20260915/runs/selected_combo_august/summary.json
combo_optimization_20260915/runs/selection_reference_august,-1.18293,,1.98731,,43.0556,0.79424,,988.171,,,,fixed,,,outputs/combo_optimization_20260915/runs/selection_reference_august/summary.json
combo_optimization_20260915/runs/trend_wider_exit_train,-1.22912,,7.73336,,40.8602,0.942807,,987.709,,,,fixed,,,outputs/combo_optimization_20260915/runs/trend_wider_exit_train/summary.json
combo_optimization_20260915/runs/selected_delay_august,-1.23063,,2.06687,,44.4444,0.788394,,987.694,,,,adaptive,,,outputs/combo_optimization_20260915/runs/selected_delay_august/summary.json
liquidity_retest_mirror_reverse_abtest_2026-08-26_232347/F_mirror_original_shorts_tp_sl,-1.3701,-137.006,,27,66.6667,0.707,10000,9862.99,,,liquidity_retest_mirror_reverse_tp_sl,BACKTEST,,,outputs/liquidity_retest_mirror_reverse_abtest_2026-08-26_232347/F_mirror_original_shorts_tp_sl/summary.json
binance_sol_majors_5m_2026-01_2026-02,-1.63,-162.92,-3.07,29,37.93,0.69,10000,9837.08,,,,,,,outputs/binance_sol_majors_5m_2026-01_2026-02/summary.json
binance_btc_funding_oi_short_1h_2026-03-18,-1.77,-177.01,-2.06,2,0,0,10000,9822.99,,,,,,,outputs/binance_btc_funding_oi_short_1h_2026-03-18/summary.json
binance_btc_majors_5m_2026-01_2026-02,-2.03,-203.44,-2.25,17,29.41,0.46,10000,9796.56,,,,,,,outputs/binance_btc_majors_5m_2026-01_2026-02/summary.json
liquidity_retest_backtest_last_7d_2026-08-26,-2.1251,-212.513,,4,0,0,10000,9787.49,,,liquidity_retest,BACKTEST,,,outputs/liquidity_retest_backtest_last_7d_2026-08-26/summary.json
wr_short_backtest_2026-01_2026-03_current_rules,-2.24631,,3.87598,,46.8468,0.809232,,977.537,,,,,,,outputs/wr_short_backtest_2026-01_2026-03_current_rules/summary.json
combo_optimization_20260915/runs/selected_double_cost_august,-2.46698,,2.90926,,36.1111,0.589667,,975.33,,,,adaptive,,,outputs/combo_optimization_20260915/runs/selected_double_cost_august/summary.json
binance_eth_majors_5m_2026-01_2026-02,-2.64,-264.19,-2.64,32,40.62,0.53,10000,9735.81,,,,,,,outputs/binance_eth_majors_5m_2026-01_2026-02/summary.json
combo_optimization_20260915/runs/trend_15m_breakout_train,-2.80935,,5.33271,,35.5556,0.738807,,971.907,,,,fixed,,,outputs/combo_optimization_20260915/runs/trend_15m_breakout_train/summary.json
top_gainers_pump_dump_1m_walkforward_jan_to_feb,-3.61,-361.4,-5.41,19,21.05,0.41,10000,9638.6,,,,,3,1,outputs/top_gainers_pump_dump_1m_walkforward_jan_to_feb/summary.json
combo_optimization_20260915/runs/trend_wider_exit_validation,-4.0219,,4.94389,,43.3121,0.755769,,959.781,,,,fixed,,,outputs/combo_optimization_20260915/runs/trend_wider_exit_validation/summary.json
combo_optimization_20260915/runs/old_combo_fresh_aug27_31,-4.17276,,4.17276,,28,0.292043,,958.272,,,,adaptive,,,outputs/combo_optimization_20260915/runs/old_combo_fresh_aug27_31/summary.json
binance_eth_bear_short_5m_2026-01_2026-02,-4.36,-436.48,-9.46,37,48.65,0.79,10000,9563.52,,,,,,,outputs/binance_eth_bear_short_5m_2026-01_2026-02/summary.json
combo_optimization_20260915/runs/trend_filter_and_exit_validation,-4.61708,,5.55495,,35.1648,0.58956,,953.829,,,,fixed,,,outputs/combo_optimization_20260915/runs/trend_filter_and_exit_validation/summary.json
combo_optimization_20260915/runs/trend_15m_breakout_validation,-4.99207,,5.8295,,29.4872,0.516205,,950.079,,,,fixed,,,outputs/combo_optimization_20260915/runs/trend_15m_breakout_validation/summary.json
top_gainers_pump_dump_1m_turbo_run_2026-04-24,-5.2,-519.53,-13.63,622,34.57,0.94,10000,9480.47,,,,,76,1,outputs/top_gainers_pump_dump_1m_turbo_run_2026-04-24/summary.json
top_gainers_pump_dump_1m_turbo_filtered_2026-03_oos_daystop,-5.81,-580.67,-5.97,93,27.96,0.57,10000,9419.33,,,,,27,1,outputs/top_gainers_pump_dump_1m_turbo_filtered_2026-03_oos_daystop/summary.json
adaptive_combo_research_20260915/reversal_only,-6.08602,,6.70157,,31,0.483276,,939.14,,,,reversal,,,outputs/adaptive_combo_research_20260915/reversal_only/summary.json
binance_sol_bear_short_5m_2026-01_2026-02,-6.12,-611.74,-10.07,29,41.38,0.63,10000,9388.26,,,,,,,outputs/binance_sol_bear_short_5m_2026-01_2026-02/summary.json
liquidity_retest_mirror_reverse_abtest_2026-08-26_232347/A_original_replay,-6.4052,-640.516,,67,4.4776,0.0454,10000,9359.48,,,liquidity_retest_mirror_reverse_tp_sl,BACKTEST,,,outputs/liquidity_retest_mirror_reverse_abtest_2026-08-26_232347/A_original_replay/summary.json
boll_short_prb_backtest_2026-01_2026-03_current_rules,-7.09311,,7.41773,,44.7447,0.828858,,929.069,,,,,,,outputs/boll_short_prb_backtest_2026-01_2026-03_current_rules/summary.json
top_gainers_pump_dump_1m_turbo_filtered_2026-03_oos,-7.18,-718.41,-7.34,102,27.45,0.53,10000,9281.59,,,,,27,1,outputs/top_gainers_pump_dump_1m_turbo_filtered_2026-03_oos/summary.json
combo_optimization_20260915/runs/trend_entry_filter_train,-7.29883,,8.3425,,43.4783,0.52301,,927.012,,,,fixed,,,outputs/combo_optimization_20260915/runs/trend_entry_filter_train/summary.json
top_gainers_boll_short_1m_2026-02,-7.98,-797.73,-8.05,128,35.94,0.34,10000,9202.27,,,,,26,2,outputs/top_gainers_boll_short_1m_2026-02/summary.json
combo_optimization_20260915/runs/trend_entry_filter_validation,-8.63807,,8.64526,,30.2752,0.254218,,913.619,,,,fixed,,,outputs/combo_optimization_20260915/runs/trend_entry_filter_validation/summary.json
top_gainers_pump_dump_1m_turbo_daily_guard_2026-01_2026-02,-10.44,-1043.64,-12.84,340,32.06,0.78,10000,8956.36,,,,,76,1,outputs/top_gainers_pump_dump_1m_turbo_daily_guard_2026-01_2026-02/summary.json
combo_optimization_20260915/runs/old_combo_august,-10.58,,10.7187,,36.7713,0.313689,,894.2,,,,adaptive,,,outputs/combo_optimization_20260915/runs/old_combo_august/summary.json
adaptive_combo_research_20260915/august_fresh_account/adaptive_combo,-10.58,,10.7187,,36.7713,0.313689,,894.2,,,,adaptive,,,outputs/adaptive_combo_research_20260915/august_fresh_account/adaptive_combo/summary.json
adaptive_combo_research_20260915/adaptive_combo,-10.8686,,12.0475,,36.4444,0.451502,,891.314,,,,adaptive,,,outputs/adaptive_combo_research_20260915/adaptive_combo/summary.json
adaptive_combo_research_20260915/trend_only,-11.01,,12.0325,,36.4444,0.437817,,889.9,,,,trend,,,outputs/adaptive_combo_research_20260915/trend_only/summary.json
adaptive_combo_research_20260915/adaptive_delay_1_extra_minute,-11.058,,12.0789,,34.2466,0.414383,,889.42,,,,adaptive,,,outputs/adaptive_combo_research_20260915/adaptive_delay_1_extra_minute/summary.json
binance_btc_bear_short_5m_2026-01_2026-02,-11.24,-1124,-12.39,33,36.36,0.44,10000,8876,,,,,,,outputs/binance_btc_bear_short_5m_2026-01_2026-02/summary.json
adaptive_combo_research_20260915/fixed_combo,-11.475,,12.0292,,36.6906,0.525302,,885.25,,,,fixed,,,outputs/adaptive_combo_research_20260915/fixed_combo/summary.json
adaptive_combo_research_20260915/adaptive_double_cost,-11.8879,,12.0788,,28.8043,0.285286,,881.121,,,,adaptive,,,outputs/adaptive_combo_research_20260915/adaptive_double_cost/summary.json
adaptive_combo_research_20260915/july_fresh_account/adaptive_combo,-12.0866,,12.0866,,35.7692,0.331467,,879.134,,,,adaptive,,,outputs/adaptive_combo_research_20260915/july_fresh_account/adaptive_combo/summary.json
binance_xrp_bear_short_5m_2026-01_2026-02,-14.63,-1463.08,-15.21,50,32,0.47,10000,8536.92,,,,,,,outputs/binance_xrp_bear_short_5m_2026-01_2026-02/summary.json
liquidity_retest_backtest_last_30d_top30_2026-08-26,-18.1023,-1810.23,,65,23.0769,0.2705,10000,8189.77,,,liquidity_retest,BACKTEST,,,outputs/liquidity_retest_backtest_last_30d_top30_2026-08-26/summary.json
liquidity_retest_backtest_last_30d_top30_clean_2026-08-26,-18.1023,-1810.23,,65,23.0769,0.2705,10000,8189.77,,,liquidity_retest,BACKTEST,,,outputs/liquidity_retest_backtest_last_30d_top30_clean_2026-08-26/summary.json
liquidity_retest_reverse_abtest_2026-08-26/A_original,-18.1023,-1810.23,,65,23.0769,0.2705,10000,8189.77,,,,original,,,outputs/liquidity_retest_reverse_abtest_2026-08-26/A_original/summary.json
liquidity_retest_reverse_abtest_2026-08-26/C_reverse_longs_only,-18.6402,-1864.02,,45,37.7778,0.2412,10000,8135.98,,,,reverse_longs_only,,,outputs/liquidity_retest_reverse_abtest_2026-08-26/C_reverse_longs_only/summary.json
liquidity_retest_reverse_abtest_2026-08-26/B_reverse_all,-29.5431,-2954.31,,67,34.3284,0.191,10000,7045.69,,,,reverse_all,,,outputs/liquidity_retest_reverse_abtest_2026-08-26/B_reverse_all/summary.json
top_gainers_pump_dump_1m_turbo_2026-01_2026-02,-80.73,-8072.65,-82.46,2400,31.04,0.71,10000,1927.35,,,,,77,2,outputs/top_gainers_pump_dump_1m_turbo_2026-01_2026-02/summary.json
combo_optimization_20260915/runs/pair_cost_filtered_validation,0,,0,,0,,,1000,,,,fixed,,,outputs/combo_optimization_20260915/runs/pair_cost_filtered_validation/summary.json
binance_funding_arbitrage_3m_2026-08-27_v2,,,,,,,,,,,,backtest,,,outputs/binance_funding_arbitrage_3m_2026-08-27_v2/summary.json
binance_funding_arbitrage_3m_2026-08-27_v3,,,,,,,,,,,,backtest,,,outputs/binance_funding_arbitrage_3m_2026-08-27_v3/summary.json
binance_funding_arbitrage_paper_2026-08-27,,,,,,,,,,,,paper,,,outputs/binance_funding_arbitrage_paper_2026-08-27/summary.json
binance_funding_arbitrage_paper_2026-08-27_v2,,,,,,,,,,,,paper,,,outputs/binance_funding_arbitrage_paper_2026-08-27_v2/summary.json
binance_funding_arbitrage_paper_2026-08-27_v3,,,,,,,,,,,,paper,,,outputs/binance_funding_arbitrage_paper_2026-08-27_v3/summary.json
liquidity_retest_short_only_paper_smoke_2026-08-27,,-3.40971,,0,,,10000,9996.59,,,liquidity_retest,PAPER,,,outputs/liquidity_retest_short_only_paper_smoke_2026-08-27/summary.json
liquidity_retest_short_only_paper_verified_2026-08-27,,-3.40971,,0,,,10000,9996.59,,,liquidity_retest,PAPER,,,outputs/liquidity_retest_short_only_paper_verified_2026-08-27/summary.json
new_listing_breakdown_short_10u_10x_202601_202608,,,,,53.2995,1.79469,,,,,,,,,outputs/new_listing_breakdown_short_10u_10x_202601_202608/summary.json
new_listing_feature_research_20260917,,,,,,,,,,,,,,,outputs/new_listing_feature_research_20260917/summary.json
